Login,Password,address1,address2,pass1,creditCard,creditCardDate,
Bob,Big,White street,Chicago,Bob Big,11111111111111111111,10/25,
Hon,Kong,Yellow street,Denver,Hon Kong,22222222222222222222,10/25,
Bon,Ton,Black street,Boston,Bon Ton,33333333333333333333,10/25,
Tony,Soprano,Red street,New Jersey,Tony Soprano,44444444444444444444,10/26,
Tom,Ford,Green street,London,Tom Ford,55555555555555555555,10/24,
One,Two,Pink street,Palm,One Two,66666666666666666666,10/24,
John,Travolta,One street,Palmsprings,77777777777777777777,10/26,
Tim,Kook,Apple street,Arcadia,88888888888888888888,10/25,
Al,Pacino,Blue street,New York,99999999999999999999,10/24,
Glen,May,Grey street,Burbank,12341234123412341234,10/25,
